{"cameraMode":{"drawMode":0,"name":"Shaded","section":"Shading Mode"},"sceneLighting":true,"audioPlay":false,"sceneViewState":{"showFog":true,"showMaterialUpdate":true,"showSkybox":true,"showFlares":true,"showImageEffects":true,"showParticleSystems":true},"in2DMode":false,"pivot":{"x":512.3953247070313,"y":25.01714324951172,"z":487.6346435546875},"rotation":{"x":-0.18691249191761018,"y":0.3098880350589752,"z":-0.062275439500808719,"w":-0.9301438927650452},"size":93.59149169921875,"orthographic":false}