{"cameraMode":{"drawMode":0,"name":"Shaded","section":"Shading Mode"},"sceneLighting":false,"audioPlay":false,"sceneViewState":{"showFog":true,"showMaterialUpdate":true,"showSkybox":true,"showFlares":true,"showImageEffects":true,"showParticleSystems":true},"in2DMode":false,"pivot":{"x":477.29998779296877,"y":2.310000419616699,"z":522.7999877929688},"rotation":{"x":0.1341586858034134,"y":0.8584623336791992,"z":-0.2840083837509155,"w":0.4055050015449524},"size":28.695966720581056,"orthographic":false}