{"cameraMode":{"drawMode":0,"name":"Shaded","section":"Shading Mode"},"sceneLighting":true,"audioPlay":false,"sceneViewState":{"showFog":true,"showMaterialUpdate":false,"showSkybox":true,"showFlares":true,"showImageEffects":true,"showParticleSystems":true},"in2DMode":false,"pivot":{"x":502.385498046875,"y":13.078536987304688,"z":470.7728576660156},"rotation":{"x":0.36766791343688967,"y":0.00447953213006258,"z":-0.001766341389156878,"w":0.9299566745758057},"size":58.4420166015625,"orthographic":false}