{"cameraMode":{"drawMode":0,"name":"Shaded","section":"Shading Mode"},"sceneLighting":true,"audioPlay":false,"sceneViewState":{"showFog":true,"showMaterialUpdate":false,"showSkybox":true,"showFlares":true,"showImageEffects":true,"showParticleSystems":true},"in2DMode":false,"pivot":{"x":521.6775512695313,"y":13.367918014526368,"z":495.2035827636719},"rotation":{"x":-0.026747196912765504,"y":-0.6310579180717468,"z":-0.021779922768473626,"w":0.7749730348587036},"size":86.30850219726563,"orthographic":false}